0.1086742780111663, -0.06973556594502058, 0.6681637321700851, 0.15709600013564787, -1.4145907823892112, 1.1307556322972512, 1.1997685147109476, 0.07852509557337142, 1.0
0.1766303692733405, 0.018917237082478992, 0.4801463226317354, -0.015586550875799812, 0.7280905872722169, 1.1833303954520962, 0.9369426857555371, 0.07543364349326494, 1.0
0.07106565273163112, -0.17642550082990613, -0.2429280828998469, -2.5760688198570145, -1.3053587984787467, -1.1089478572085252, 1.4364473578379555, 0.2750455161200219, 0.0
0.11551366494970566, 1.7325223142331514, -0.1491197961011217, -2.3337492334144483, -0.9577458723229134, 1.199867130489638, -0.8696219444695386, -0.24595851200030738, 1.0
0.17890238078479176, -0.6328281193539699, -8.357727146189875E-4, -2.5646204813809264, -1.0490765855617463, 1.367404064116648, -1.0719786077488616, -0.03637177278062913, 0.0
0.2747402244172892, -0.5621367651080187, -0.30117214977360407, -2.5826443473355627, 1.0535516496994624, 1.37246854007552, -1.2955393244270157, 0.00803071876231239, 1.0
0.1261921707234227, 0.037018838088303696, 0.32553384917528383, 0.11102916325168444, 0.7167788850214429, 1.244971285000196, 0.9425112644000682, 0.08377457276019062, 1.0
0.1261921707234227, 0.037018838088303696, 0.32553384917528383, 0.11102916325168444, 0.7167788850214429, 1.244971285000196, 0.9425112644000682, 0.08377457276019062, 1.0
0.1766303692733405, 0.018917237082478992, 0.4801463226317354, -0.015586550875799812, 0.7280905872722169, 1.1833303954520962, 0.9369426857555371, 0.07543364349326494, 1.0
0.02555907685621328, -0.10400301523281033, 0.16285330106522244, -0.011495213584148175, 0.9403634515855489, -0.6151623212243345, -0.9030106038154814, 0.06687120602846885, 0.0
0.03654629573907836, -2.3834431285161273, 0.5235583744478812, -0.09045105302739828, -1.5966362468276667, -0.7750061868019152, 1.274236756435797, 0.09995544472616091, 1.0
0.04774932526196257, -0.09332610199785688, 0.7042395219979964, 0.13164691180904148, -1.4113552935997602, 1.2157580527306133, 1.2089632010230795, 0.07416043108771819, 1.0
0.22621527842490036, -0.11863760123564808, 0.49208754961215506, 0.0672005561962378, 0.9726979180181986, 1.4213461986910525, -1.2593042141144473, 0.14584805004494147, 1.0
-0.12532178360958374, 2.096027378889888, 0.4836601407425665, 0.19556394262153065, -1.069855677219799, -0.8428840786420956, -0.3894636973945367, -0.02018479646296041, 0.0
0.1766303692733405, 0.018917237082478992, 0.4801463226317354, -0.015586550875799812, 0.7280905872722169, 1.1833303954520962, 0.9369426857555371, 0.07543364349326494, 1.0
0.1961106905407182, 0.0016440504743551743, 0.46573900198903173, 0.0015099983973318465, 0.7171230951220132, 1.1121065201975389, 0.954731915015582, 0.14666532290666023, 1.0
-0.10588662543328112, 2.0786123997829358, 0.8614641868733403, -0.06789601840449341, -0.9055833887930793, 1.17834576199589, -0.715306946815566, 2.8244697773524, 0.0
0.20882028025386276, -0.058984015395439335, 0.4137182538484271, 0.06460667359351749, 0.998203861378193, 1.4454949550017624, -1.3021954340593047, 0.11105970017447228, 0.0
0.03206437199691493, 0.03558500872023131, 0.2776421317641624, -0.07669219639052388, 0.6639601726496167, -0.9209399487952487, 1.2585058972783199, 0.019422131827097792, 1.0
-0.061877335673338536, -0.175382631652186, 0.3652780312462759, 0.14409078815416804, -1.1913504259256749, -0.596513209124622, -0.6579740041201158, -0.001269021304820022, 0.0
3.032922669347311, 1.8553999647944734, -0.6541533600222919, -0.11036706399097407, -0.9194911121770595, -0.6473044699289049, -0.40646861878969337, -0.6479552667417815, 0.0
0.32205505867372086, -2.3841589884950243, 0.44242216117179, -0.020349899535805793, 0.8855195092500971, 1.6229669315085526, -1.5100601298935932, 0.23004168867606142, 0.0
0.03455264392430522, -0.16296833889959486, 0.3391342437068818, -0.14646346676510716, 0.9439431504755696, -0.6630246655936296, -0.8815952668878356, 0.12539729168928518, 0.0
0.02555907685621328, -0.10400301523281033, 0.16285330106522244, -0.011495213584148175, 0.9403634515855489, -0.6151623212243345, -0.9030106038154814, 0.06687120602846885, 0.0
0.02868649683993405, -0.060057331909998575, 0.156845425440175, 0.016120621983285635, 0.9168489267269486, -0.6525612468471365, -0.8925013386969152, 0.0860655258343346, 0.0
0.0481668181073117, -0.0773305185181225, 0.14243810479747138, 0.03321717125641725, 0.905881434576745, -0.7237851221016937, -0.8747121094368702, 0.15729720524772983, 0.0
-0.058749915689617765, -0.1314369483293744, 0.3592701556212282, 0.17170662372160161, -1.2148649507842753, -0.6339121347474244, -0.6474647390015495, 0.017925298501045746, 0.0
-0.061877335673338536, -0.175382631652186, 0.3652780312462759, 0.14409078815416804, -1.1913504259256749, -0.596513209124622, -0.6579740041201158, -0.001269021304820022, 0.0
-2.2731859776066665, -1.8873447373840515, -1.5613116866595889, 2.4843553376236702, 0.4278439303774395, 1.1405495703497734, 0.5085423748991424, -0.44487669894154663, 0.0
-0.061877335673338536, -0.175382631652186, 0.3652780312462759, 0.14409078815416804, -1.1913504259256749, -0.596513209124622, -0.6579740041201158, -0.001269021304820022, 0.0
0.03206437199691493, 0.03558500872023131, 0.2776421317641624, -0.07669219639052388, 0.6639601726496167, -0.9209399487952487, 1.2585058972783199, 0.019422131827097792, 1.0
-0.061877335673338536, -0.175382631652186, 0.3652780312462759, 0.14409078815416804, -1.1913504259256749, -0.596513209124622, -0.6579740041201158, -0.001269021304820022, 0.0
0.22830060152124032, -0.07625720200356308, 0.3993109332057236, 0.08170322286664922, 0.9872363692279892, 1.3742710797472053, -1.2844062047992602, 0.18229137958786745, 0.0
0.1766303692733405, 0.018917237082478992, 0.4801463226317354, -0.015586550875799812, 0.7280905872722169, 1.1833303954520962, 0.9369426857555371, 0.07543364349326494, 1.0
0.02555907685621328, -0.10400301523281033, 0.16285330106522244, -0.011495213584148175, 0.9403634515855489, -0.6151623212243345, -0.9030106038154814, 0.06687120602846885, 0.0
0.03206437199691493, 0.03558500872023131, 0.2776421317641624, -0.07669219639052388, 0.6639601726496167, -0.9209399487952487, 1.2585058972783199, 0.019422131827097792, 1.0
0.1787156923696807, 0.06129763631456421, 0.38736970622530414, -0.0010838842053883524, 0.742629038482008, 1.1362552765082499, 0.9118406950707245, 0.11187697303619143, 0.0
0.15024180403421122, 0.1375361465894727, 0.22549608422634831, 0.1167878197024392, 0.7500168317421909, 1.2553414961321019, 0.872636128883034, -0.017880792038020225, 0.0
0.0515446932642926, 0.018311822112107516, 0.2632348111214588, -0.05959564711739243, 0.6529926804994127, -0.9921638240498056, 1.2762951265383644, 0.0906538112404929, 1.0
0.14399160897540936, -0.10369113510012708, 0.5957277877617292, 0.26490506017239906, -1.1679920331418354, 1.3555212662241156, -1.028860339985328, 0.13334547206044448, 0.0
-0.02043270419151247, -0.13451890899122593, 0.3436095620610681, 0.15244332720764303, -1.183618422564922, -0.610291754303427, -0.6849579196922926, -0.06813603623256209, 0.0
0.02555907685621328, -0.10400301523281033, 0.16285330106522244, -0.011495213584148175, 0.9403634515855489, -0.6151623212243345, -0.9030106038154814, 0.06687120602846885, 0.0
0.0701311283217601, -0.0191936092490384, 0.13517695625496712, 0.02447316103676065, 0.9245809300877014, -0.6663397920259417, -0.9194852542690919, 0.019198510906592567, 0.0
0.02868649683993405, -0.060057331909998575, 0.156845425440175, 0.016120621983285635, 0.9168489267269486, -0.6525612468471365, -0.8925013386969152, 0.0860655258343346, 0.0
-0.02043270419151247, -0.13451890899122593, 0.3436095620610681, 0.15244332720764303, -1.183618422564922, -0.610291754303427, -0.6849579196922926, -0.06813603623256209, 0.0
-0.061877335673338536, -0.175382631652186, 0.3652780312462759, 0.14409078815416804, -1.1913504259256749, -0.596513209124622, -0.6579740041201158, -0.001269021304820022, 0.0
0.06700370833803936, -0.06313929257185019, 0.14118483188001468, -0.003142674530673302, 0.9480954549463018, -0.6289408664031393, -0.9299945193876585, 4.191100726767816E-6, 0.0
0.0701311283217601, -0.0191936092490384, 0.13517695625496712, 0.02447316103676065, 0.9245809300877014, -0.6663397920259417, -0.9194852542690919, 0.019198510906592567, 0.0
3.3669568280502618, -2.7051801900417582, -0.8060511395625247, -0.511901958180329, 0.9783878746007634, -0.37497550080701103, -1.1156595704294132, -0.3790265256022943, 0.0
0.03206437199691493, 0.03558500872023131, 0.2776421317641624, -0.07669219639052388, 0.6639601726496167, -0.9209399487952487, 1.2585058972783199, 0.019422131827097792, 1.0
-0.061877335673338536, -0.175382631652186, 0.3652780312462759, 0.14409078815416804, -1.1913504259256749, -0.596513209124622, -0.6579740041201158, -0.001269021304820022, 0.0
0.6274835089144065, -0.10740479502850764, -2.341750468381556, 1.8293453096892152, 0.8199262257565846, 1.1147585140710776, 0.8822459463322596, 1.772169860477327, 1.0
0.02555907685621328, -0.10400301523281033, 0.16285330106522244, -0.011495213584148175, 0.9403634515855489, -0.6151623212243345, -0.9030106038154814, 0.06687120602846885, 0.0
0.03414969509325512, 0.07796540795231652, 0.1848655153577311, -0.06218952972011259, 0.6784986238594074, -0.9680150677390947, 1.2334039065935074, 0.055865461370024114, 0.0
3.1965956463170873, -0.48787660931093607, -0.47083697924247736, -0.32193935124778156, -1.0208637620543812, -0.531473382970215, -0.6199018932685132, -0.5373142075071191, 0.0
-0.03589171926525912, -0.05306779430726828, 0.46565954130251225, 0.09599035462092367, -1.4787211970118117, -0.9735147119500934, 1.5213317262337298, 0.02251358390720414, 1.0
0.1086742780111663, -0.06973556594502058, 0.6681637321700851, 0.15709600013564787, -1.4145907823892112, 1.1307556322972512, 1.1997685147109476, 0.07852509557337142, 1.0
0.1961106905407182, 0.0016440504743551743, 0.46573900198903173, 0.0015099983973318465, 0.7171230951220132, 1.1121065201975389, 0.954731915015582, 0.14666532290666023, 1.0
0.1961106905407182, 0.0016440504743551743, 0.46573900198903173, 0.0015099983973318465, 0.7171230951220132, 1.1121065201975389, 0.954731915015582, 0.14666532290666023, 1.0
0.1961106905407182, 0.0016440504743551743, 0.46573900198903173, 0.0015099983973318465, 0.7171230951220132, 1.1121065201975389, 0.954731915015582, 0.14666532290666023, 1.0
-0.04687893814812366, 2.2263723189760483, 0.10495446791985386, 0.17494619406417372, 1.0582785014014044, -0.8136708463725125, -0.6559156340175485, -0.010570654790488, 0.0
0.03206437199691493, 0.03558500872023131, 0.2776421317641624, -0.07669219639052388, 0.6639601726496167, -0.9209399487952487, 1.2585058972783199, 0.019422131827097792, 1.0
0.06700370833803936, -0.06313929257185019, 0.14118483188001468, -0.003142674530673302, 0.9480954549463018, -0.6289408664031393, -0.9299945193876585, 4.191100726767816E-6, 0.0
-0.02043270419151247, -0.13451890899122593, 0.3436095620610681, 0.15244332720764303, -1.183618422564922, -0.610291754303427, -0.6849579196922926, -0.06813603623256209, 0.0
-0.011439137123420595, -0.19348423265801049, 0.5198905047027275, 0.017475074026683923, -1.180038723674901, -0.6581540986727223, -0.6635425827646468, -0.009609950571745709, 0.0
0.36763346778919564, 0.22581420785078382, 0.247161588710183, 0.3573497893460784, 0.6313821305002885, 1.195729116549311, 0.8042352345342751, -2.8074934811684367, 0.0
0.29759205343068146, 0.09478100559119898, 0.527955614654964, 0.5155296736871149, -1.5258376903709305, 1.1902294723383129, 1.0921630541744982, -2.840845358631258, 1.0
0.0515446932642926, 0.018311822112107516, 0.2632348111214588, -0.05959564711739243, 0.6529926804994127, -0.9921638240498056, 1.2762951265383644, 0.0906538112404929, 1.0
0.20882028025386276, -0.058984015395439335, 0.4137182538484271, 0.06460667359351749, 0.998203861378193, 1.4454949550017624, -1.3021954340593047, 0.11105970017447228, 0.0
0.02555907685621328, -0.10400301523281033, 0.16285330106522244, -0.011495213584148175, 0.9403634515855489, -0.6151623212243345, -0.9030106038154814, 0.06687120602846885, 0.0
0.21194770023758344, -0.015038332072627409, 0.4077103782233794, 0.09222250916095126, 0.9746893365195923, 1.4080960293789602, -1.2916861689407384, 0.13025401998033795, 0.0
0.11656060030525417, -2.137061268140369, 0.5162674412509398, -0.009080181844347224, -1.5035743696083534, -0.9102090293195131, 1.3602286202973208, 0.614899532837799, 0.0
-0.061877335673338536, -0.175382631652186, 0.3652780312462759, 0.14409078815416804, -1.1913504259256749, -0.596513209124622, -0.6579740041201158, -0.001269021304820022, 0.0
-2.5607261045450493, -1.9785803708521592, 0.6015521346296644, -1.9958487162703002, 0.46192976276573483, 0.9070917996525354, 0.5568244243915916, -1.7118292750155317, 0.0
-0.017953152274097328, -0.12623658722010084, 0.33007522979922255, 0.27319145824060015, -1.209634253096516, -0.6549486833888125, -0.608234465037905, 0.05946542618367777, 0.0
0.10794097217004622, -0.2533522732782393, -0.17896610777882238, -2.556378387981163, -1.341832233988945, -1.2043204887737928, 1.4971278070428575, 0.3810655454038857, 1.0
0.2572223317050329, -0.6688911691413426, 0.04145773322119739, -2.5365775104515995, -1.0778180177111916, 1.2582528873725753, -1.0382820741161363, 0.002781241575493207, 1.0
-2.4743646651367346, -0.13844147632344067, -1.6461378865169793, -0.3615064245620503, -1.3252632537745133, 0.7070222406339001, 1.1200835482319098, 2.6903520649195416, 1.0
0.23083376646590356, -0.550272259634349, -0.21319250518418992, -2.40420313987336, -1.0558917732412179, 1.330263988052581, -1.1025886309886397, -0.09053319395579229, 0.0
0.14659044951972866, -2.2853910153820634, 0.30071844799907665, -0.20132466992514925, 0.5005956136747531, -0.9022780997789871, 1.0574986511190418, 0.25852167127871106, 1.0
0.11992145880537225, -0.07295857180654956, 0.282262973074621, -0.009010257625200191, 0.9333913266654822, -0.7352386850366252, -0.8588396433778017, 0.11926472425004113, 0.0
0.12440338254753566, -2.491986709042908, 0.5281792157583394, -0.022769114262074217, -1.3272050928118013, -0.5893049230432916, -0.8431087842203243, 0.1997980371491043, 0.0
0.1992381105244388, 0.04558973379716699, 0.4597311263639845, 0.029125833964765202, 0.6936085702634128, 1.0747075945747366, 0.9652411801341482, 0.1658596427125264, 1.0
0.03519179198063564, 0.0795306920430433, 0.2716342561391151, -0.049076360823090734, 0.6404456477910161, -0.9583388744180505, 1.269015162396886, 0.038616451632963934, 1.0
0.0515446932642926, 0.018311822112107516, 0.2632348111214588, -0.05959564711739243, 0.6529926804994127, -0.9921638240498056, 1.2762951265383644, 0.0906538112404929, 1.0
0.26034975168875313, -0.6249454858185309, 0.03544985759614976, -2.5089616748841657, -1.1013325425697922, 1.2208539617497733, -1.02777280899757, 0.02197556138135909, 1.0
0.05467211324801324, 0.06225750543491935, 0.25722693549641157, -0.03197981154995922, 0.6294781556408127, -1.0295627496726076, 1.2868043916569305, 0.1098481310463591, 1.0
0.03519179198063564, 0.0795306920430433, 0.2716342561391151, -0.049076360823090734, 0.6404456477910161, -0.9583388744180505, 1.269015162396886, 0.038616451632963934, 1.0
-2.7300914799685296, -0.1458165361761403, 0.6865012311876155, -1.6022763239257094, -1.346588888515692, 1.2178718074390367, -1.1717132871127214, -2.4058709136719463, 1.0
0.1992381105244388, 0.04558973379716699, 0.4597311263639845, 0.029125833964765202, 0.6936085702634128, 1.0747075945747366, 0.9652411801341482, 0.1658596427125264, 1.0
0.0481668181073117, -0.0773305185181225, 0.14243810479747138, 0.03321717125641725, 0.905881434576745, -0.7237851221016937, -0.8747121094368702, 0.15729720524772983, 0.0
-0.039269594422240116, -0.14871013493749818, 0.34486283497852455, 0.1888031729947334, -1.2258324429344791, -0.7051360100019812, -0.6296755097415047, 0.08915697791444105, 0.0
3.2575561053062625, -2.8346967157302183, -0.5963652608389671, -0.34757194622235593, -1.1720254984214176, -0.4137717187830509, -0.8258498259018259, -0.30906805859444564, 0.0
-0.49012273406330653, -0.022388102826511602, 3.166759625991816, -1.6561286875702814, -1.3176680814188473, -0.6365641286209636, -0.5749787703182279, -1.6075792390696206, 0.0
0.0054212958942907175, 1.8624821999781764, -0.6867866504541551, -2.540415169365717, 1.1181190138970616, -0.8926894271482629, -0.7478556687473717, -0.23760080887762552, 0.0
-2.553835400882787, -0.39833854377182254, -1.852800560587056, -0.2682700747281449, -1.1237322437185362, 1.1849398680234897, -1.138365726846106, 2.1775714692139094, 0.0
0.24086943042137554, -0.607672299210407, 0.04985717823885329, -2.5260582241572975, -1.0903650504195885, 1.2920778370043307, -1.0455620382576147, -0.04925611803203632, 1.0
0.10627182123546966, -0.144852388583057, -0.1563360653105912, 0.7101780271240512, -1.3999297699372721, -0.5008741278168192, -0.7799221846394284, -3.3807441902446613, 0.0
-0.0054343066662976836, 2.2672360416370085, 0.0832859987346459, 0.18329873311764866, 1.066010504762157, -0.8274493915513172, -0.6828995495897255, -0.07743766971823017, 0.0
-0.03276429928153856, -0.009122110984456385, 0.45965166567746496, 0.12360619018835697, -1.5022357218704117, -1.0109136375728958, 1.5318409913522966, 0.04170790371307008, 1.0
-0.11261302965070846, -0.33378791056981305, 0.18896763613159634, 0.18258300184536183, -1.2631681787651239, -0.4657625617180616, -0.6864798456954224, -0.5453110092060067, 0.0
0.23961775847148956, -0.3868290046126889, -0.6102734511075626, -2.0942555179321256, -1.2484936158741817, -0.7083183737552563, -0.800499996162699, -3.0348978225005587, 0.0
-2.8052840109050505, -0.0658078030659553, 0.6381998496267516, -1.6027034592876022, -1.3413619812248472, 1.2896240585603076, -1.1949005556268797, -2.425829608222203, 0.0
-3.1985010575529715, 0.2364703877915574, 0.4507506822345967, 0.8918400020647372, 0.5279124099582454, -2.6152845528198516, -0.7164005312924133, -2.874967433858583, 0.0
0.20790346743118837, 0.25560625251398494, 0.7236408815314792, 0.23636656370850895, -1.3168514178496509, 1.0231635970129624, 1.1903495305913863, 0.5104144867514502, 0.0
-0.270275432360231, -0.3226260165802819, 0.5198934694041002, -0.23143943467043027, -1.0691360257937514, -0.5847631739111265, -0.5681577728437115, 2.8468697534864136, 0.0
0.1766303692733405, 0.018917237082478992, 0.4801463226317354, -0.015586550875799812, 0.7280905872722169, 1.1833303954520962, 0.9369426857555371, 0.07543364349326494, 1.0
-2.3074111999316673, -0.032061814056305114, -1.779084855489597, 0.005671259209073354, -1.4552096572671895, 0.7090507505992096, 1.0572512325276824, -0.09091969494394905, 1.0
0.02555907685621328, -0.10400301523281033, 0.16285330106522244, -0.011495213584148175, 0.9403634515855489, -0.6151623212243345, -0.9030106038154814, 0.06687120602846885, 0.0
0.02555907685621328, -0.10400301523281033, 0.16285330106522244, -0.011495213584148175, 0.9403634515855489, -0.6151623212243345, -0.9030106038154814, 0.06687120602846885, 0.0
0.06556181627834912, -0.13698410435833158, 0.22080740056119944, 0.035811053859137326, 0.8803754912167504, -0.7479338784124042, -0.8318208894920126, 0.19208555511819891, 1.0
0.1961106905407182, 0.0016440504743551743, 0.46573900198903173, 0.0015099983973318465, 0.7171230951220132, 1.1121065201975389, 0.954731915015582, 0.14666532290666023, 1.0
3.157234401315278, 1.8498528087655162, -0.7926161150823207, -0.24626263385343833, 1.1757493298239663, -0.7613262135938851, -0.5908247692801571, -0.47379501012462893, 1.0
0.0515446932642926, 0.018311822112107516, 0.2632348111214588, -0.05959564711739243, 0.6529926804994127, -0.9921638240498056, 1.2762951265383644, 0.0906538112404929, 1.0
0.02555907685621328, -0.10400301523281033, 0.16285330106522244, -0.011495213584148175, 0.9403634515855489, -0.6151623212243345, -0.9030106038154814, 0.06687120602846885, 0.0
-2.6081853865587057, 1.9081883586473432, -2.2170150081053768, 0.10818943035652917, -1.2040616121666052, -1.1229131258653586, -0.5709612479580635, -0.7469120787469181, 1.0
-0.058749915689617765, -0.1314369483293744, 0.3592701556212282, 0.17170662372160161, -1.2148649507842753, -0.6339121347474244, -0.6474647390015495, 0.017925298501045746, 0.0
0.6123780625643085, -2.381084115603954, -0.17769160522682748, -2.5993320648121574, 0.6429682504471159, 1.0443456452499373, 0.5721409117331602, -2.241741893778587, 0.0
-0.23340011292181556, -0.39955278902861474, 0.5838554445251248, -0.21174900279457878, -1.1056094613039504, -0.680135805476394, -0.5074773236388094, 2.9528897827702774, 1.0
0.03519179198063564, 0.0795306920430433, 0.2716342561391151, -0.049076360823090734, 0.6404456477910161, -0.9583388744180505, 1.269015162396886, 0.038616451632963934, 1.0
0.30749231756228956, -0.2984694748243605, 0.019062764734564475, -2.7941795364391884, 0.849859753674147, 0.8472169441833493, 0.978927248324532, 0.6306103849919005, 1.0
0.1961106905407182, 0.0016440504743551743, 0.46573900198903173, 0.0015099983973318465, 0.7171230951220132, 1.1121065201975389, 0.954731915015582, 0.14666532290666023, 1.0
0.01597690712678941, 5.70733959795954E-4, 0.2088661735807801, -0.04697605321290074, 0.6357681604707691, -0.9859496816513603, 1.3644260103779715, 0.12167114856652297, 1.0
0.6100885107433693, -0.04775120918829869, -2.4201197641452845, 1.826751427086495, 0.845432169116579, 1.1389072703817886, 0.8393547263874028, 1.7373815106068577, 0.0
0.04295407502725086, -0.16365660107301927, 0.2412225968289504, -0.008901330981428188, 0.9148575082255543, -0.639311077535045, -0.8601193838706241, 0.10165955589893794, 1.0
0.1961106905407182, 0.0016440504743551743, 0.46573900198903173, 0.0015099983973318465, 0.7171230951220132, 1.1121065201975389, 0.954731915015582, 0.14666532290666023, 1.0
0.03206437199691493, 0.03558500872023131, 0.2776421317641624, -0.07669219639052388, 0.6639601726496167, -0.9209399487952487, 1.2585058972783199, 0.019422131827097792, 1.0
0.08823276218493456, -2.5774843772001037, 0.45794391369066323, 0.07882464690069627, -1.3405082135639692, -0.5144138641830999, -0.8051582507495024, 0.22373299648063294, 1.0
2.8613998920988335, 1.6312298074180454, -0.435575946743443, -0.4662068549397204, -0.8337501475553342, -0.7309270662806768, -0.2559719383083868, 2.306203537333315, 1.0
0.2436122132122609, -2.5145039285811848, 0.8211278339945028, 2.678490215513585E-4, -1.2426146693711058, 1.5937536992389694, -1.2436081932705818, 0.2204275470035888, 0.0
-2.566617860535661, 2.115460071181836, -2.6596826560491142, 0.06788124992332067, 0.9605460019647966, -0.9983272620305077, -0.8980936337859771, -0.8433179663583099, 0.0
-0.08007520677857535, -0.22089021890807015, 0.3389667643545142, -0.24697834466611934, 1.02652008454739, -0.6997750617645451, -0.7475475290841858, 2.943665763250927, 1.0
0.1992381105244388, 0.04558973379716699, 0.4597311263639845, 0.029125833964765202, 0.6936085702634128, 1.0747075945747366, 0.9652411801341482, 0.1658596427125264, 1.0
0.1992381105244388, 0.04558973379716699, 0.4597311263639845, 0.029125833964765202, 0.6936085702634128, 1.0747075945747366, 0.9652411801341482, 0.1658596427125264, 1.0
0.17975778925706115, 0.06286292040529094, 0.47413844700668795, 0.012029284691633418, 0.7045760624136161, 1.145931469829294, 0.9474519508741036, 0.09462796329913109, 1.0
0.05467211324801324, 0.06225750543491935, 0.25722693549641157, -0.03197981154995922, 0.6294781556408127, -1.0295627496726076, 1.2868043916569305, 0.1098481310463591, 1.0
-0.0045605004086916034, 2.255439407154565, 0.6394598248467218, 0.24205257326497123, -1.3019064302611154, 0.953283655790461, 1.4076332105452358, -0.040456892928217546, 1.0
0.08375083844277159, -0.1584562399637459, 0.21202767100694475, 0.09258350353757078, 0.9200882059133143, -0.6603476261764333, -0.8208891099069799, 0.1431996835815701, 1.0
0.12832288990831786, -0.07364683397997465, 0.18435132619668954, 0.12855187815847927, 0.9043056844154665, -0.7115250969780402, -0.8373637603605901, 0.09552698845969379, 1.0
-0.06323183943178112, 2.287591188906984, 0.1133539129375098, 0.185465480358476, 1.0457314686930077, -0.779845896740758, -0.6631955981590265, -0.06260801439801741, 0.0
0.25495437588381653, -1.7771207517632637, 1.1054137904314472, 2.728982417548202, 0.4964907875640322, 1.3489195740663535, 0.7721962576847822, 0.3641328768359278, 1.0
-2.369673625921793, 0.3425132883236383, -1.5191727548560219, 2.6650380888212366, 0.5125210334725474, 0.9316708340696895, 0.8255124802141096, -0.42066319496229276, 1.0
-2.3282289944399674, 0.38337701098459837, -1.54084122404123, 2.6733906278747117, 0.5202530368333002, 0.9178922888908847, 0.7985285646419324, -0.48753020989003515, 1.0
-0.0819884944895003, -2.25858098872214, 0.8479193243666108, 2.8635677600810223, -1.455470932116861, -0.21159698667939514, -0.8452608884311333, -0.22813340054733391, 0.0
-0.027630788578800122, 0.14165728533496952, 0.6587039082614126, 2.8882730383740918, 0.7873515473611805, -0.39545805016224334, -0.8450844432159307, -0.34074537850367026, 1.0
0.08687825842649177, -0.11451055664093478, 0.20601979538189724, 0.12019933910500435, 0.8965736810547136, -0.6977465517992354, -0.810379844788413, 0.16239400338743593, 1.0
0.1766303692733405, 0.018917237082478992, 0.4801463226317354, -0.015586550875799812, 0.7280905872722169, 1.1833303954520962, 0.9369426857555371, 0.07543364349326494, 1.0
0.21822510666055067, -2.216855598649575, 1.1450019097491024, 2.679325110509567, 0.6886425858584326, 1.721001151144182, -1.4146664963792528, -0.0032959237308903475, 1.0
0.1086742780111663, -0.06973556594502058, 0.6681637321700851, 0.15709600013564787, -1.4145907823892112, 1.1307556322972512, 1.1997685147109476, 0.07852509557337142, 1.0
0.2488230196759984, -0.09196510452096049, 0.47167235334440394, 0.1119129410368029, 0.938215901009394, 1.312723397813693, -1.231005719735836, 0.2362740492642022, 1.0
0.1787156923696807, 0.06129763631456421, 0.38736970622530414, -0.0010838842053883524, 0.742629038482008, 1.1362552765082499, 0.9118406950707245, 0.11187697303619143, 0.0
-3.1066591214926413, 0.0814750998736317, 0.9092927385077146, -2.2872343625176415, -1.4447558713712827, -1.2333035906671586, 1.4356630499730676, 0.8315843069854487, 0.0
-0.14205724579588178, 1.993114731625739, 0.7912288848056638, 0.03369774275827743, -0.9188865095452473, 1.2532368208560818, -0.6773564133447443, 2.848404736683929, 1.0
0.2241476807764154, -0.10000745056197916, 0.6376410091609472, 0.36023976707446104, -1.1695677833031137, 1.3677812913477692, -0.9915119909090474, 0.07157525527240824, 1.0
0.03206437199691493, 0.03558500872023131, 0.2776421317641624, -0.07669219639052388, 0.6639601726496167, -0.9209399487952487, 1.2585058972783199, 0.019422131827097792, 1.0
0.3780861009373915, -0.10246305396992214, -2.4201992248318036, 1.9212317833100871, -1.3504121230172452, -0.9467139617658433, 1.4059545376055511, 1.613229771607402, 0.0
0.22306747051277015, 0.24248197948853617, 0.04465739784261008, 0.2962441438313542, 0.5672517158776879, -0.9085412276980337, 1.1257984460570576, -2.8635049928346046, 0.0
-0.048302788643401595, -0.3147870548657225, 0.8343401127717308, -0.06835537964417784, -1.0206033695231387, 1.501932672617429, -0.9030103384390773, 2.896155045772123, 1.0
0.0515446932642926, 0.018311822112107516, 0.2632348111214588, -0.05959564711739243, 0.6529926804994127, -0.9921638240498056, 1.2762951265383644, 0.0906538112404929, 1.0
-2.462499543725114, -0.31715756812449786, -2.3862605126088807, 0.16655364946163997, -1.3125936598239685, -0.9113573501680781, -0.8272251962921751, -0.7533231908338879, 1.0
0.13090753298198404, -0.3618522861370475, 0.34345349930773117, 0.06972439526652346, 0.9166626866765963, 1.6032743168992198, -1.2713354052361434, -0.3505212427343694, 1.0
0.3838776811344226, -0.12979949522518, 0.16116171633965043, 0.48122299271203006, 0.7786657650468256, 1.5403468108841167, -1.3776262869661589, -3.246332712647479, 1.0
0.4461401071245481, -0.5043745976051228, -0.09875038429392363, -2.1781438369001327, -1.189064925692911, 1.3177267274136368, -1.1458875346525863, -2.9165892126291353, 1.0
0.38502846596023305, 0.16616062201057474, 0.3255308844739109, 0.3599436719487986, 0.6058761871402937, 1.1715803602386001, 0.8471264544791323, -2.7727051312979683, 1.0
0.08700107503059828, -0.34998778066337805, 0.4314331438971451, 0.24816560272872562, -1.1927807362640837, 1.5610697648762806, -1.0783847117977672, -0.44908515545247435, 0.0
0.06634085089101113, 2.1403581165538346, 0.6366134466478394, 0.4092279655828758, -1.0411009096771704, 1.2414867856425862, -0.7671726446211488, 2.659618926959817E-4, 1.0
0.7692147723052816, -0.21896785268160218, -3.292691588608532, -0.6247973872625278, 0.7636320007353415, -1.3070124179493534, 1.2012171530423839, -0.5805746970258773, 0.0
0.6817783597757299, -0.2903474691009778, -3.090266858427479, -0.4692113855242114, -1.3680818767758829, -1.2883633058496409, 1.4462537527377493, -0.6487149243591659, 0.0
-2.9045724920818228, 0.13858064314368218, 0.8271211458764632, -2.224889286443595, 0.6907562502931729, 0.8524108490950609, 0.9280323024628743, 1.0180596449281651, 1.0
0.11540981547944376, -2.4330213853761236, 0.35189827311668, 0.11219913891888482, -1.3307847917018218, -0.5414425786739963, -0.8645241211479702, 0.14127195148828792, 0.0
0.0481668181073117, -0.0773305185181225, 0.14243810479747138, 0.03321717125641725, 0.905881434576745, -0.7237851221016937, -0.8747121094368702, 0.15729720524772983, 0.0
0.1961106905407182, 0.0016440504743551743, 0.46573900198903173, 0.0015099983973318465, 0.7171230951220132, 1.1121065201975389, 0.954731915015582, 0.14666532290666023, 1.0
0.24569559969227783, -0.13591078784377203, 0.47768022896945134, 0.08429710546936932, 0.9617304258679944, 1.350122323436495, -1.2415149848544025, 0.2170797294583365, 1.0
0.10752349318535592, -0.36569568318077506, 0.503794564035825, 0.2783753208988793, -1.2418012044826787, 1.4995220829427676, -1.0249842267343436, -0.39510248577613927, 1.0
0.02555907685621328, -0.10400301523281033, 0.16285330106522244, -0.011495213584148175, 0.9403634515855489, -0.6151623212243345, -0.9030106038154814, 0.06687120602846885, 0.0
0.062434396294628394, -0.18092978768114334, 0.22681527618624683, 0.008195218291703527, 0.9038900160753505, -0.7105349527896021, -0.8423301546105796, 0.17289123531233297, 1.0
0.18307479950773803, -2.1222532768993503, 0.4078726003937744, -0.1428090044659845, 0.5713870363235224, -0.9766272781739332, 1.1955764212375561, 0.8038894447751647, 1.0
-0.012881029183110668, -0.26732904444449196, 0.5995130733839122, 0.05642880241649449, -1.2477586874044535, -0.7771471106819874, -0.5653689528690009, 0.18247141344572648, 1.0
-0.030276027354148125, -0.20767545860428255, 0.521143777620184, 0.053834919813774175, -1.2222527440444586, -0.7529983543712767, -0.6082601728138587, 0.14768306357525757, 0.0
0.0481668181073117, -0.0773305185181225, 0.14243810479747138, 0.03321717125641725, 0.905881434576745, -0.7237851221016937, -0.8747121094368702, 0.15729720524772983, 0.0
-0.04239701440596072, -0.19265581826030997, 0.3508707106035722, 0.16118733742729963, -1.2023179180758787, -0.6677370843791793, -0.6401847748600711, 0.06996265810857515, 0.0
-0.021874596251202694, -0.20836372077770735, 0.4232321307422528, 0.1913970555974535, -1.251338386294474, -0.7292847663126919, -0.5867842897966472, 0.12394532778491016, 1.0
0.02555907685621328, -0.10400301523281033, 0.16285330106522244, -0.011495213584148175, 0.9403634515855489, -0.6151623212243345, -0.9030106038154814, 0.06687120602846885, 0.0
-2.3248061981027046, 0.027591771783903832, -1.8574541512533247, 0.003077376606353377, -1.4297037139071949, 0.7331995069099201, 1.0143600125828252, -0.125708044814418, 0.0
-0.021874596251202694, -0.20836372077770735, 0.4232321307422528, 0.1913970555974535, -1.251338386294474, -0.7292847663126919, -0.5867842897966472, 0.12394532778491016, 1.0
0.05716038517540362, -0.13629584218490706, 0.3187190474391307, -0.10175108192454184, 0.9094611334667657, -0.771647466470989, -0.853296772509224, 0.21582329090854604, 0.0
-0.025002016234923388, -0.252309404100519, 0.42924000636730014, 0.1637812200300195, -1.2278238614358739, -0.6918858406898898, -0.5972935549152139, 0.10475100797904416, 1.0
0.02868649683993405, -0.060057331909998575, 0.156845425440175, 0.016120621983285635, 0.9168489267269486, -0.6525612468471365, -0.8925013386969152, 0.0860655258343346, 0.0
0.7770419759484359, 0.058628453078836545, -2.553066733117901, 2.1939291108576193, 0.7154857656239026, 1.140935780347098, 0.7765224106831752, -1.043890249256633, 0.0
0.02868649683993405, -0.060057331909998575, 0.156845425440175, 0.016120621983285635, 0.9168489267269486, -0.6525612468471365, -0.8925013386969152, 0.0860655258343346, 0.0
0.1766303692733405, 0.018917237082478992, 0.4801463226317354, -0.015586550875799812, 0.7280905872722169, 1.1833303954520962, 0.9369426857555371, 0.07543364349326494, 1.0
0.6469638301817842, -0.12467798163663149, -2.3561577890242598, 1.846441858962347, 0.8089587336063806, 1.0435346388165208, 0.9000351755923047, 1.843401539890722, 1.0
-0.1728647338738353, 0.09063281618556937, 0.8911965526453296, 3.0460257873532344, -1.3646413662191932, -0.32920544325197126, -0.5803438920898659, -0.39405595051674636, 1.0
0.046081495010971446, -0.1197109177502076, 0.23521472120390302, 0.018714504586005543, 0.8913429833669542, -0.6767100031578472, -0.8496101187520575, 0.12085387570480383, 1.0
-0.11379293252291789, 2.1392848000392752, 0.3797406182395874, 0.3607419139726437, -1.122455844328415, -0.8565694162063128, -0.3574785492587586, -0.02472821244744198, 1.0
0.17975778925706115, 0.06286292040529094, 0.47413844700668795, 0.012029284691633418, 0.7045760624136161, 1.145931469829294, 0.9474519508741036, 0.09462796329913109, 1.0
-0.011044908302345946, -0.22758231011897107, 0.5991327888473136, 0.12372053838922953, -1.2205930054162861, -0.6557359088142611, -0.5617171374254462, 0.08154818230156836, 1.0
0.15668217857837435, -0.24365942833398696, -0.42975159987550693, -2.7269606313824206, 0.7961716483522354, -1.1793565328522573, 1.3297128260685322, 0.4610287902573383, 1.0
0.16138660714644681, -0.16334472094033617, 0.6740970835254572, 0.26749894277511926, -1.1934979765018296, 1.3313725099134046, -0.9859691200404705, 0.1681338219309133, 1.0
-0.2147035941767358, 0.08386717098556941, 0.8336227376859514, 2.931427783937214, -1.3318190878385618, -0.3178450879316279, -0.6551854218568894, -0.4183470684623181, 0.0
0.15931627343082944, -2.444885890849793, 0.2639186285272659, -0.06624206854331793, 0.7786586312388585, -0.49923802665105754, -1.0574748145863462, 0.2398358642063928, 1.0
0.02555907685621328, -0.10400301523281033, 0.16285330106522244, -0.011495213584148175, 0.9403634515855489, -0.6151623212243345, -0.9030106038154814, 0.06687120602846885, 0.0
-0.13118793069395512, 2.198938385879484, 0.30137132247585946, 0.3581480313699237, -1.09694990096842, -0.8324206598956024, -0.400369769203616, -0.05951656231791114, 0.0
0.0481668181073117, -0.0773305185181225, 0.14243810479747138, 0.03321717125641725, 0.905881434576745, -0.7237851221016937, -0.8747121094368702, 0.15729720524772983, 0.0
0.5409821444473507, -0.04914349730436892, -0.14882169759081232, -2.3997774882668135, 0.7228303241945799, 0.8555133134228037, 0.8548471373344728, -2.3364327643346043, 1.0
0.024081678556551793, 2.1925628154528263, 0.3319283615149858, 0.07854019810684336, 1.020569735433583, -0.9368594178541255, -0.6080837275986555, 0.03507108561892132, 1.0
0.01597690712678941, 5.70733959795954E-4, 0.2088661735807801, -0.04697605321290074, 0.6357681604707691, -0.9859496816513603, 1.3644260103779715, 0.12167114856652297, 1.0
0.38711378905657345, 0.2085410212426595, 0.23275426806747934, 0.37444633861921006, 0.6204146383500845, 1.124505241294754, 0.8220244637943198, -2.7362618017550417, 0.0
0.055075062079063306, -0.17867624141699234, 0.4114956638455625, -0.1162537485949534, 0.8949226822569745, -0.7245723475271425, -0.8281947818244115, 0.17937996136562018, 1.0
-9.523829241345969E-4, -0.15179209559934978, 0.3292022414183645, 0.16953987648077473, -1.1945859147151257, -0.6815156295579843, -0.667168690432248, 0.003095643180833071, 0.0
-0.04583684126074383, 2.227937603066775, 0.19172320870123766, 0.18805936296119602, 1.0202255253330135, -0.8039946530514682, -0.6203043782141691, -0.027819664527548207, 1.0
0.1961106905407182, 0.0016440504743551743, 0.46573900198903173, 0.0015099983973318465, 0.7171230951220132, 1.1121065201975389, 0.954731915015582, 0.14666532290666023, 1.0
-0.04135491751858039, -0.1910905341695834, 0.43763945138495597, 0.17430050632432173, -1.2403708941442697, -0.6580608910581348, -0.6045735190566921, 0.052713648371515, 1.0
-0.1615375670632595, 2.010387918233863, 0.8056362054483677, 0.016601193485145792, -0.9079190173950437, 1.324460696110639, -0.6951456426047891, 2.777173057270534, 1.0
0.1787156923696807, 0.06129763631456421, 0.38736970622530414, -0.0010838842053883524, 0.742629038482008, 1.1362552765082499, 0.9118406950707245, 0.11187697303619143, 0.0
0.2200559050327377, -0.369849091243736, 0.22148749491561726, -2.638593534700873, -1.2818541238370773, 0.865866056283062, 1.2239638480198978, 0.5624701576586115, 1.0
-3.0931539971763837, -0.24790944134298232, 0.33112615980266186, -2.2204408573224845, 0.867272919334053, -0.8117572441837617, -0.9436561296605397, 0.4982982593638458, 0.0
0.0515446932642926, 0.018311822112107516, 0.2632348111214588, -0.05959564711739243, 0.6529926804994127, -0.9921638240498056, 1.2762951265383644, 0.0906538112404929, 1.0
-0.061877335673338536, -0.175382631652186, 0.3652780312462759, 0.14409078815416804, -1.1913504259256749, -0.596513209124622, -0.6579740041201158, -0.001269021304820022, 0.0
-0.13964565576933533, -2.707454575520076, 0.6269666724911915, -0.31380212519703393, -1.207326321281842, -0.43143995371504695, -0.7331312487331427, 3.0006400918584712, 1.0
0.046081495010971446, -0.1197109177502076, 0.23521472120390302, 0.018714504586005543, 0.8913429833669542, -0.6767100031578472, -0.8496101187520575, 0.12085387570480383, 1.0
-0.1091921699297698, 1.6466395917348202, -0.3783162796991183, -2.41820365964559, -1.0233182854763094, -0.847011600557654, -0.4434531986535385, -0.2232799912185687, 1.0
-0.058749915689617765, -0.1314369483293744, 0.3592701556212282, 0.17170662372160161, -1.2148649507842753, -0.6339121347474244, -0.6474647390015495, 0.017925298501045746, 0.0
0.2716761255287765, -2.284785600411692, 0.5176299595093533, -0.1573155736835568, 0.5756935204475571, 1.2732161197229146, 0.7181462103362154, 0.2433015035314831, 1.0
0.0515446932642926, 0.018311822112107516, 0.2632348111214588, -0.05959564711739243, 0.6529926804994127, -0.9921638240498056, 1.2762951265383644, 0.0906538112404929, 1.0
0.1766303692733405, 0.018917237082478992, 0.4801463226317354, -0.015586550875799812, 0.7280905872722169, 1.1833303954520962, 0.9369426857555371, 0.07543364349326494, 1.0
-0.020038475370437736, -0.16861698645218662, 0.4228518462056542, 0.25868879157018865, -1.2241727043063069, -0.6078735644449655, -0.583132474353092, 0.02302209664075175, 1.0
0.02868649683993405, -0.060057331909998575, 0.156845425440175, 0.016120621983285635, 0.9168489267269486, -0.6525612468471365, -0.8925013386969152, 0.0860655258343346, 0.0
0.1766303692733405, 0.018917237082478992, 0.4801463226317354, -0.015586550875799812, 0.7280905872722169, 1.1833303954520962, 0.9369426857555371, 0.07543364349326494, 1.0
-2.6293832955613565, 0.20650355713501803, 0.8187187361574344, -1.9864940640407833, 0.59240058512042, 0.7451949747017105, 0.839927456683417, -1.786382699522465, 1.0
0.1766303692733405, 0.018917237082478992, 0.4801463226317354, -0.015586550875799812, 0.7280905872722169, 1.1833303954520962, 0.9369426857555371, 0.07543364349326494, 1.0
-2.990607650751646, 0.31850997484467747, 1.4416788807549341, 0.4253127089176644, 0.5741463233394566, 1.0356131311082004, 0.9325322702230475, 0.6446780281112706, 1.0
3.1422360037900634, -0.5519021418627177, -0.532292551755899, -0.2771180397634444, -1.0738795975031123, -0.5441685763459945, -0.5928831393827244, -0.46449337663896134, 1.0
0.1961106905407182, 0.0016440504743551743, 0.46573900198903173, 0.0015099983973318465, 0.7171230951220132, 1.1121065201975389, 0.954731915015582, 0.14666532290666023, 1.0
0.0958718254945835, -0.17347588030771932, 0.3823007380235566, -0.014768914075954931, 0.9001533799447344, -0.745608896168531, -0.788964507860767, 0.2209200890482524, 1.0
0.01597690712678941, 5.70733959795954E-4, 0.2088661735807801, -0.04697605321290074, 0.6357681604707691, -0.9859496816513603, 1.3644260103779715, 0.12167114856652297, 1.0
0.046081495010971446, -0.1197109177502076, 0.23521472120390302, 0.018714504586005543, 0.8913429833669542, -0.6767100031578472, -0.8496101187520575, 0.12085387570480383, 1.0
3.35718590380815, 1.9976426633682078, -0.45710853958873665, -0.2888510571116748, 1.2578603525189818, 1.2956638790265773, -1.0457493622548468, -0.5247731547235497, 0.0
0.045039398123591, -0.1212762018409341, 0.1484459804225189, 0.005601335688983432, 0.9293959594353455, -0.6863861964788918, -0.885221374555437, 0.13810288544186403, 0.0
0.1739368052637636, 0.16591571989371562, -0.1003617380334959, 0.455169883739182, 0.5022420580880724, -0.9360588273167556, 1.280178357746098, -2.7181266969577846, 1.0
0.15254928541281515, 0.5288356319950581, 1.2526105412131452, 2.7462624734693017, 0.6399205205703161, 1.2449964550579944, 1.0051281058902717, 0.20275374285099682, 1.0
0.07396518399761776, -2.473885108037083, 0.3735667423018878, 0.1038465998654099, -1.3385167950625747, -0.5276640334951915, -0.837540205575793, 0.20813896641602994, 0.0
0.1591718462549473, -0.2156822177235112, -0.06803476725834628, 0.3967685664808899, 0.713093351893429, -0.5065319201631747, -0.9514575411501585, -3.22365419186574, 1.0
0.24569559969227783, -0.13591078784377203, 0.47768022896945134, 0.08429710546936932, 0.9617304258679944, 1.350122323436495, -1.2415149848544025, 0.2170797294583365, 1.0
-0.1602312785795817, -0.22457390344621822, 0.2970535429552964, -0.3423130515681814, 1.0280958347086682, -0.7120350868881982, -0.7848958781604659, 3.005435980038963, 0.0
-0.039269594422240116, -0.14871013493749818, 0.34486283497852455, 0.1888031729947334, -1.2258324429344791, -0.7051360100019812, -0.6296755097415047, 0.08915697791444105, 0.0
-2.34094232768933, -2.573071325252129, -2.515125816084405, -0.15621046341103928, 0.6699586396520463, -0.7551183175636098, -1.28186358509473, -0.5216797679480341, 1.0
0.24046246868380763, 0.18282839364832712, 0.12302669360633789, 0.29883802643407453, 0.5417457725176932, -0.9326899840087444, 1.1686896660019148, -2.8287166429641353, 1.0
-2.3248061981027046, 0.027591771783903832, -1.8574541512533247, 0.003077376606353377, -1.4297037139071949, 0.7331995069099201, 1.0143600125828252, -0.125708044814418, 0.0
-0.058749915689617765, -0.1314369483293744, 0.3592701556212282, 0.17170662372160161, -1.2148649507842753, -0.6339121347474244, -0.6474647390015495, 0.017925298501045746, 0.0
0.03206437199691493, 0.03558500872023131, 0.2776421317641624, -0.07669219639052388, 0.6639601726496167, -0.9209399487952487, 1.2585058972783199, 0.019422131827097792, 1.0
0.03206437199691493, 0.03558500872023131, 0.2776421317641624, -0.07669219639052388, 0.6639601726496167, -0.9209399487952487, 1.2585058972783199, 0.019422131827097792, 1.0
-0.06635925941550136, 2.243645505584172, 0.11936178856255725, 0.15784964479104216, 1.069245993551608, -0.7424469711179549, -0.673704863277593, -0.08180233420388328, 0.0
0.1766303692733405, 0.018917237082478992, 0.4801463226317354, -0.015586550875799812, 0.7280905872722169, 1.1833303954520962, 0.9369426857555371, 0.07543364349326494, 1.0
0.08961144958913775, -0.03646679585716245, 0.12076963561226353, 0.04156971030989233, 0.913613437937498, -0.7375636672804986, -0.9016960250090472, 0.09043019031998775, 0.0
0.1614015965271695, -2.402505491617708, 0.17114201212083452, -0.05173940187290604, 0.7931970824486496, -0.5463131455949041, -1.0825768052711586, 0.2762791937493187, 0.0
-0.056151075145298546, -2.3131368286113103, 0.06426081585857546, -0.2945231063759469, 0.4537226960323129, -2.8917115007505263, 1.4388942521028207, 0.14310149771931252, 1.0
0.046970290649300944, -2.370668322910023, 0.28843347591135654, -0.24176999991469744, 0.5101211072941605, -0.7736626113243772, 1.144314956152215, 0.26598002431322193, 1.0
-0.04135491751858039, -0.1910905341695834, 0.43763945138495597, 0.17430050632432173, -1.2403708941442697, -0.6580608910581348, -0.6045735190566921, 0.052713648371515, 1.0
0.0701311283217601, -0.0191936092490384, 0.13517695625496712, 0.02447316103676065, 0.9245809300877014, -0.6663397920259417, -0.9194852542690919, 0.019198510906592567, 0.0
0.08961144958913775, -0.03646679585716245, 0.12076963561226353, 0.04156971030989233, 0.913613437937498, -0.7375636672804986, -0.9016960250090472, 0.09043019031998775, 0.0
-0.02843990647338346, -0.1679287242787618, 0.5207634930835855, 0.12112665578650933, -1.195087062056291, -0.6315871525035508, -0.6046083573703036, 0.046759832431098894, 0.0
0.23142802150496108, -0.03231151868075132, 0.3933030575806758, 0.10931905843408304, 0.9637218443693889, 1.336872154124403, -1.2738969396806934, 0.201485699393733, 0.0
0.02868649683993405, -0.060057331909998575, 0.156845425440175, 0.016120621983285635, 0.9168489267269486, -0.6525612468471365, -0.8925013386969152, 0.0860655258343346, 0.0
0.02868649683993405, -0.060057331909998575, 0.156845425440175, 0.016120621983285635, 0.9168489267269486, -0.6525612468471365, -0.8925013386969152, 0.0860655258343346, 0.0
0.08961144958913775, -0.03646679585716245, 0.12076963561226353, 0.04156971030989233, 0.913613437937498, -0.7375636672804986, -0.9016960250090472, 0.09043019031998775, 0.0
0.01597690712678941, 5.70733959795954E-4, 0.2088661735807801, -0.04697605321290074, 0.6357681604707691, -0.9859496816513603, 1.3644260103779715, 0.12167114856652297, 1.0
0.05001996950559795, -2.102391966318992, 0.6178182493753024, 2.7439501329636147, 0.6604604238965157, -0.2814235695807136, -1.10677213858011, -0.2076658683359212, 0.0
0.02868649683993405, -0.060057331909998575, 0.156845425440175, 0.016120621983285635, 0.9168489267269486, -0.6525612468471365, -0.8925013386969152, 0.0860655258343346, 0.0
0.0701311283217601, -0.0191936092490384, 0.13517695625496712, 0.02447316103676065, 0.9245809300877014, -0.6663397920259417, -0.9194852542690919, 0.019198510906592567, 0.0
0.02555907685621328, -0.10400301523281033, 0.16285330106522244, -0.011495213584148175, 0.9403634515855489, -0.6151623212243345, -0.9030106038154814, 0.06687120602846885, 0.0
-0.09495604229218993, 2.1534760259855474, 0.37848734532213085, 0.32438206818555343, -1.0802418239588576, -0.7617251605077584, -0.4127609592095471, -0.18202122659444506, 1.0
0.0481668181073117, -0.0773305185181225, 0.14243810479747138, 0.03321717125641725, 0.905881434576745, -0.7237851221016937, -0.8747121094368702, 0.15729720524772983, 0.0
0.908963051642287, -2.3220011568636667, -2.4516211211192593, 2.071890519925714, 0.526615263289045, 1.135448873052649, 0.6184063844687555, -0.7700023599345508, 1.0
0.24846014336444183, -2.122079215083058, -0.1352395212945588, 0.2832311427612722, 0.3988654594820075, -0.7846254211124242, 1.0079813972633525, -2.604241506595902, 0.0
0.08730986607685814, -0.53203920390587, -0.32892795527037877, -2.452195616491063, -1.158075163932209, -0.7643301628737188, -0.7454141636624779, -0.16379371535902, 1.0
-0.006252839501190377, 0.03866696938208307, 0.2933027253243228, -0.05742889987656585, 0.6327136444302628, -0.9445603292392458, 1.295999077969063, 0.10548346656070598, 1.0
0.8190608348900539, -0.17879239219406629, -3.412271704671671, -0.4788827124253735, 0.7422783618460794, -1.2970773750695734, 1.1957091204874182, -0.6711794477439668, 1.0
0.17975778925706115, 0.06286292040529094, 0.47413844700668795, 0.012029284691633418, 0.7045760624136161, 1.145931469829294, 0.9474519508741036, 0.09462796329913109, 1.0
0.05467211324801324, 0.06225750543491935, 0.25722693549641157, -0.03197981154995922, 0.6294781556408127, -1.0295627496726076, 1.2868043916569305, 0.1098481310463591, 1.0
0.22024122618003295, -2.4212953547969565, 0.2278428386993547, -0.040792980216711204, 0.7754231424494079, -0.5842404470844194, -1.0666695008984786, 0.24420052869204584, 1.0
0.7821855154516384, -0.10186561974573341, -3.476233679792695, -0.4985731443012251, 0.7787517973562775, -1.2017047435043053, 1.135028671282516, -0.7771994770278312, 0.0
0.03727711507697534, 0.12191109127512838, 0.17885763973268382, -0.034573694152679, 0.6549840990008071, -1.0054139933618973, 1.2439131717120735, 0.07505978117588993, 0.0
0.17975778925706115, 0.06286292040529094, 0.47413844700668795, 0.012029284691633418, 0.7045760624136161, 1.145931469829294, 0.9474519508741036, 0.09462796329913109, 1.0
-0.11379293252291789, 2.1392848000392752, 0.3797406182395874, 0.3607419139726437, -1.122455844328415, -0.8565694162063128, -0.3574785492587586, -0.02472821244744198, 1.0
-0.11379293252291789, 2.1392848000392752, 0.3797406182395874, 0.3607419139726437, -1.122455844328415, -0.8565694162063128, -0.3574785492587586, -0.02472821244744198, 1.0
0.008435412965031752, -0.24485549672709508, 0.5847254682046101, 0.14081708766236112, -1.2315604975664893, -0.7269597840688181, -0.5439279081654014, 0.15277986171496347, 1.0
0.033743736262126456, 2.5571906895607337, 0.7310127640360273, 0.295874048511226, -1.2009315769321045, 0.9306940409395353, 1.4074089127378069, 0.38706783376420784, 0.0
0.6402422746251438, -0.7174580144062961, -3.013420827012274, -0.5676238183618199, -0.9717881381176029, 1.2754706518503678, -1.1303014548397399, 1.6730700379560117, 0.0
0.6816869061069699, -0.676594291745336, -3.0350892961974814, -0.559271279308345, -0.9640561347568501, 1.2616921066715627, -1.1572853704119168, 1.6062030230282698, 0.0
-2.20606950598523, -0.09715968270473023, -2.422197461395505, 0.11209148786570344, 0.8789520459812933, 1.1174006446462146, -1.5038285810576544, -0.6565884994191988, 0.0
0.11992145880537225, -0.07295857180654956, 0.282262973074621, -0.009010257625200191, 0.9333913266654822, -0.7352386850366252, -0.8588396433778017, 0.11926472425004113, 0.0
3.352026392415917, -0.3980835117530528, -0.39499969618347563, -0.07450936510206607, -1.0088170715213152, 1.482201981926623, -0.9852196504891941, -0.3943587848749288, 0.0
0.16218063113983194, -0.1251632707055415, 0.5869480582074748, 0.3216775098508321, -1.1282793184452715, 1.4431075184600868, -1.0179285604002946, 0.08445960052381545, 0.0
3.4077386020850597, -0.46081905825511393, -0.3322909939799077, -0.09117877901330479, -1.0030764866619564, 1.4816736060599094, -0.9798216112350803, -0.4456317697380678, 1.0
0.8139172953868511, -0.018298319369496524, -2.489104757996877, 2.2136195427334706, 0.6790123301137043, 1.0455631487818298, 0.8372028598880775, -0.9378702199727689, 1.0
0.3106197375460098, -0.25452379150154847, 0.013054889109516798, -2.766563700871755, 0.8263452288155466, 0.8098180185605468, 0.9894365134430988, 0.6498047047977663, 1.0
0.13638226524952587, 2.2713913188134196, 0.35581942070305833, 0.25104808124183936, 1.1161189111940477, 1.2469864298535847, -1.0551004642613722, 0.03361783935551556, 0.0
-0.17782827473832075, 0.006940398537236811, 0.8975847128069759, 2.951118215813065, -1.3682925233487608, -0.41321771949689484, -0.5945049726519878, -0.312327039178454, 1.0
0.26701204184042093, -0.11343724012637485, 0.46289262379014906, 0.16868539071523647, 0.9779286157059581, 1.4003096500496641, -1.2200739401508032, 0.18738817772757355, 1.0
-2.236310658168252, -1.9642715098323844, -1.4973497115385648, 2.5040457694995215, 0.39137049486724107, 1.0451769387845056, 0.5692228241040447, -0.3388566696576827, 1.0
-0.04583684126074383, 2.227937603066775, 0.19172320870123766, 0.18805936296119602, 1.0202255253330135, -0.8039946530514682, -0.6203043782141691, -0.027819664527548207, 1.0
0.40763620721133087, 0.19283311872526235, 0.30511568820616014, 0.40465605678936356, 0.5713941701314895, 1.062957559361241, 0.8754249488577437, -2.682279132078707, 1.0
0.03519179198063564, 0.0795306920430433, 0.2716342561391151, -0.049076360823090734, 0.6404456477910161, -0.9583388744180505, 1.269015162396886, 0.038616451632963934, 1.0
0.1961106905407182, 0.0016440504743551743, 0.46573900198903173, 0.0015099983973318465, 0.7171230951220132, 1.1121065201975389, 0.954731915015582, 0.14666532290666023, 1.0
0.05467211324801324, 0.06225750543491935, 0.25722693549641157, -0.03197981154995922, 0.6294781556408127, -1.0295627496726076, 1.2868043916569305, 0.1098481310463591, 1.0
0.03519179198063564, 0.0795306920430433, 0.2716342561391151, -0.049076360823090734, 0.6404456477910161, -0.9583388744180505, 1.269015162396886, 0.038616451632963934, 1.0
0.09144757046990276, 0.003279938468358796, 0.12038935107566506, 0.10886144628262767, 0.9407791199256653, -0.6161524654127728, -0.8980442095654921, -0.010493040824170574, 0.0
0.05467211324801324, 0.06225750543491935, 0.25722693549641157, -0.03197981154995922, 0.6294781556408127, -1.0295627496726076, 1.2868043916569305, 0.1098481310463591, 1.0
-0.08334299824794322, 0.20439283183703033, 0.595995206057845, 2.9049424522853293, 0.7816109625018218, -0.3949296742955303, -0.8504824824700441, -0.2894723936405315, 0.0
0.013227481766187078, 0.021393782773959168, 0.27889540468161933, -0.04033235060343398, 0.6217461522800599, -1.015784204493803, 1.3137883072291079, 0.17671514597410115, 1.0
0.19834931488610952, 2.296547138956982, 0.4065123716565311, 0.2896103384654687, 1.0748304463362057, 1.1716602027412666, -1.0286838947701247, 0.020733494104108317, 1.0
0.045039398123591, -0.1212762018409341, 0.1484459804225189, 0.005601335688983432, 0.9293959594353455, -0.6863861964788918, -0.885221374555437, 0.13810288544186403, 0.0
0.3489369490441157, -0.25760575216340037, -0.0026057044506432314, -2.7858269973857137, 0.8575917570349, 0.8334383990045444, 0.9519433327523553, 0.5637433700641586, 1.0
0.7070005615899215, -0.072404749180748, -2.27227270717312, 2.3521089951986554, -1.4417340552473161, 1.1354361361360998, 1.0644502303233985, -1.077242126719453, 1.0
0.9382696655547792, -0.20130961173234296, -3.119323086435508, -0.4558457491417478, 0.8268687852867738, 0.8859812472126873, 0.7952097114371603, -0.6505499378894823, 1.0
-0.3335740573714116, -0.05388912093418772, 1.270453695360445, 2.5505235530106183, -1.245137272027206, -0.4089308204290182, -0.5467339426068561, 2.500785892415139, 1.0
-0.10465944039608588, 0.1819192841196332, 0.6107828112371467, 2.820554167039463, 0.765412772663858, -0.445117000908699, -0.8719235271736442, -0.25978084190976813, 0.0
0.046081495010971446, -0.1197109177502076, 0.23521472120390302, 0.018714504586005543, 0.8913429833669542, -0.6767100031578472, -0.8496101187520575, 0.12085387570480383, 1.0
0.02868649683993405, -0.060057331909998575, 0.156845425440175, 0.016120621983285635, 0.9168489267269486, -0.6525612468471365, -0.8925013386969152, 0.0860655258343346, 0.0
0.10005857663535397, -0.21981690239351093, 0.595839592762766, -0.1984922930558874, 1.1078750191986337, 1.3982811400843544, -1.1572416244465755, 2.9686599375910645, 1.0
0.26974523300306646, -0.03539347934260275, 0.3776424640205157, 0.09005576192012421, 0.9949683725887424, 1.3604925345684005, -1.3113901203714373, 0.11542436466012482, 0.0
0.6622065848395919, -0.6593211051372119, -3.020681975554778, -0.5763678285814771, -0.9530886426066462, 1.3329159819261198, -1.1750745996719612, 1.5349713436148742, 0.0
-2.417595022655843, -0.2883487509556377, -2.2615741476126328, -0.2910545705263289, 1.0246809709718172, 1.1665496054825126, -1.4245216148998165, 2.172355955566169, 0.0
-0.05537204053263691, -0.03579460769914442, 0.48006686194521586, 0.07889380534779211, -1.4677537048616076, -0.9022908366955363, 1.5035424969736852, -0.04871809550619107, 1.0
-3.0143661768285543, -0.004122639105764672, 1.297724908888425, 0.5018796448403305, 0.7814179182547929, 1.5130023826310766, -1.3205189656008545, 0.08062444754249842, 1.0
-0.05574597946552057, -1.8605382788944897, 0.9990194683333191, 2.761160264665567, -1.6330755393710372, -0.5603170328719614, 1.3452279733005026, 0.12658980626690533, 0.0
0.1766303692733405, 0.018917237082478992, 0.4801463226317354, -0.015586550875799812, 0.7280905872722169, 1.1833303954520962, 0.9369426857555371, 0.07543364349326494, 1.0
-0.02043270419151247, -0.13451890899122593, 0.3436095620610681, 0.15244332720764303, -1.183618422564922, -0.610291754303427, -0.6849579196922926, -0.06813603623256209, 0.0
-0.04687893814812366, 2.2263723189760483, 0.10495446791985386, 0.17494619406417372, 1.0582785014014044, -0.8136708463725125, -0.6559156340175485, -0.010570654790488, 0.0
0.0515446932642926, 0.018311822112107516, 0.2632348111214588, -0.05959564711739243, 0.6529926804994127, -0.9921638240498056, 1.2762951265383644, 0.0906538112404929, 1.0
0.02555907685621328, -0.10400301523281033, 0.16285330106522244, -0.011495213584148175, 0.9403634515855489, -0.6151623212243345, -0.9030106038154814, 0.06687120602846885, 0.0
-0.058749915689617765, -0.1314369483293744, 0.3592701556212282, 0.17170662372160161, -1.2148649507842753, -0.6339121347474244, -0.6474647390015495, 0.017925298501045746, 0.0
0.046081495010971446, -0.1197109177502076, 0.23521472120390302, 0.018714504586005543, 0.8913429833669542, -0.6767100031578472, -0.8496101187520575, 0.12085387570480383, 1.0
-0.12740710670592414, 2.053646979657803, 0.5764367571489978, 0.1810612759511193, -1.0843941284295902, -0.7958089596982486, -0.36436170670972434, -0.056628126005886556, 1.0
0.11180169799488704, -0.025789882622208805, 0.6621558565450377, 0.18471183570308117, -1.4381053072478114, 1.0933567066744492, 1.2102777798295141, 0.09771941537923731, 1.0
3.166679865921927, -0.4854829108225093, -0.5530880325602483, -0.16511391895014377, -1.0811959325237497, -0.5313801753556275, -0.5609328295605581, -0.4749906085638584, 1.0
0.02868649683993405, -0.060057331909998575, 0.156845425440175, 0.016120621983285635, 0.9168489267269486, -0.6525612468471365, -0.8925013386969152, 0.0860655258343346, 0.0
0.1614015965271695, -2.402505491617708, 0.17114201212083452, -0.05173940187290604, 0.7931970824486496, -0.5463131455949041, -1.0825768052711586, 0.2762791937493187, 0.0
-0.0696396187199541, 0.06780466146387655, 0.39568969055644027, 0.10391575831250549, -1.4657622863602136, -0.9155410060076277, 1.4711605421473948, -0.06431212557079427, 0.0
-0.07145950540276257, -0.07080888245957971, 0.4112909037618332, 0.10860994852541551, -1.495945717040455, -0.9673005695516479, 1.6094626100733371, 0.053530921233234025, 1.0
0.18385383412039957, 0.1550889440128158, 0.8236786464804148, 0.23060790725775449, -1.3500893645703986, 1.0127933858810572, 1.2602246661084204, 0.6120698515496611, 1.0
0.3019474514221499, 1.821628789892163, -0.29647408571644174, -1.949475000370194, -1.098659767965793, 1.13067176520039, -0.9146650309137218, -2.955998592450404, 1.0
-2.879418568275058, -1.824003153891984, 0.8974011840498639, 0.717980274937799, 0.23811474770020943, -0.8990461116912777, 1.0016890568434984, -2.138307466448564, 1.0
-0.021874596251202694, -0.20836372077770735, 0.4232321307422528, 0.1913970555974535, -1.251338386294474, -0.7292847663126919, -0.5867842897966472, 0.12394532778491016, 1.0
0.1829303723318556, 0.10695039622693116, 0.07591920460816337, 0.3202016305582227, 0.505821756978093, -0.983921171686051, 1.3015936946737439, -2.6596006112969683, 1.0
0.1992381105244388, 0.04558973379716699, 0.4597311263639845, 0.029125833964765202, 0.6936085702634128, 1.0747075945747366, 0.9652411801341482, 0.1658596427125264, 1.0
0.03727711507697534, 0.12191109127512838, 0.17885763973268382, -0.034573694152679, 0.6549840990008071, -1.0054139933618973, 1.2439131717120735, 0.07505978117588993, 0.0
0.05716038517540362, -0.13629584218490706, 0.3187190474391307, -0.10175108192454184, 0.9094611334667657, -0.771647466470989, -0.853296772509224, 0.21582329090854604, 0.0
-2.1980104771876676, 0.097454711632155, -1.988770734213154, -0.15865875274889935, 0.695203715754991, 0.7478469685752493, 0.7674414880000954, -0.16087816195179763, 1.0
-0.7400800719184791, 2.498184138073329, 3.6903973119603055, 1.258434664350109, -1.320278127716865, -0.4007066127549406, -0.32829172195086714, -2.2289684758082626, 1.0
-2.2168473674183957, 0.08326348568588296, -1.9875174612956974, -0.12229890696180928, 0.6529896953854342, 0.653002712876695, 0.8227238979508836, -0.0035851478047946167, 1.0
-0.1016875240702329, 2.75678690635828, 1.277726766239431, 3.085804926896991, -1.3669061822049864, 1.185213405821819, 1.4530887149458904, 0.00477813647717875, 1.0
0.47302605318517665, -0.13779630033186863, 0.03919571194753746, -2.227094937255366, -1.419851045466848, 0.8029385502679586, 1.1176729662898834, -2.3333413122544977, 1.0
-0.020490372908994497, 2.107753409469055, 0.35960470632524094, 0.04257182348593465, 1.0363522569314305, -0.8856819470525185, -0.5916090771450452, 0.08274378074079777, 1.0
-0.04271829535019178, -2.2098430759872376, 0.4841187427878718, -0.520933109893303, 0.7191073798154403, -0.9407284866497272, 1.2425014325691035, 3.6172398696959296, 0.0
0.03519179198063564, 0.0795306920430433, 0.2716342561391151, -0.049076360823090734, 0.6404456477910161, -0.9583388744180505, 1.269015162396886, 0.038616451632963934, 1.0
0.03519179198063564, 0.0795306920430433, 0.2716342561391151, -0.049076360823090734, 0.6404456477910161, -0.9583388744180505, 1.269015162396886, 0.038616451632963934, 1.0
0.21261882968974932, -0.14326487171136593, 0.7415605316639263, 0.19506179572334814, -1.1169676161944972, 1.3814666289119866, -1.0234971390448258, 0.07611867125689006, 0.0
0.11180169799488704, -0.025789882622208805, 0.6621558565450377, 0.18471183570308117, -1.4381053072478114, 1.0933567066744492, 1.2102777798295141, 0.09771941537923731, 1.0
0.18095431671507206, 2.3562007247971914, 0.3281430758928031, 0.2870164558627481, 1.1003363896962013, 1.1958089590519774, -1.071575114714982, -0.014054855766360584, 0.0
-2.6569226456262958, 0.029162349406256713, 0.3996993296177873, -1.7328403726993118, 0.7871164074969258, 1.1859725260272325, -1.4491318416343777, -2.353324716403261, 0.0
0.09938405126989175, 2.181910101388219, 0.7128566243405632, 0.28001836885267134, -1.004283264066402, 1.203994652405196, -0.8156324432105372, -0.042863317244698905, 0.0
-0.1755150629242467, 2.390726088299311, 0.18230539557376224, 0.3133212983284859, -1.3441106004137418, -1.0789755877768772, 1.6648898651955157, -0.18978284012566998, 0.0
0.06280539150465936, 0.06615653017009693, 0.4279208144074015, 0.27237382144075545, -1.381697045769033, 1.2739906082318142, 1.1176727285783998, -0.08602101937130882, 0.0
-0.04916349114288143, -0.3340082711990502, 0.13101730615164076, 0.32462209299768086, -1.2859967931366993, -0.5194869913124791, -0.7353456172577737, -0.5288344029089891, 1.0
3.1888933783519513, -0.4247123366468606, -0.6527455129725857, -0.22664699847212375, -1.0751236677911693, -0.6424211660914481, -0.6344597805211475, -0.47572274221791144, 0.0
0.5521443894945289, 1.709941343784014, -3.4476051252766657, -0.183238909585564, -1.0391585959140754, -0.9744086360960138, -0.6130681600380324, -1.3382392194828137, 0.0
3.157234401315278, 1.8498528087655162, -0.7926161150823207, -0.24626263385343833, 1.1757493298239663, -0.7613262135938851, -0.5908247692801571, -0.47379501012462893, 1.0
0.16763680220524865, 0.07788256074926368, 0.30386537999007596, 0.11938170230515942, 0.7245108883821958, 1.231192739821391, 0.915527348827891, 0.016907557832448492, 1.0
0.5611379565626209, 1.65097602011723, -3.2713241826350066, -0.3182071627665233, -1.0355788970240538, -1.0222709804653096, -0.5916528231103864, -1.2797131338219974, 0.0
-2.455219202996568, -0.24946163624327006, -2.630598464189152, -0.08436705917873777, 0.8206959678485335, -0.9422664873914439, -1.109610145063821, -0.6234127467125625, 0.0
0.09745421797076054, -0.29504441033689993, 0.011722155505540455, -2.708443190435254, -1.327285042948721, -1.1809589578885311, 1.5007539147104592, 0.36835995165130686, 1.0
0.6619154776057123, -0.4372057996879387, -2.7766902387393335, -0.6586934209548982, -1.1935981842427303, 0.845156519271339, 1.147851771668975, 2.200680288981857, 1.0
0.1766303692733405, 0.018917237082478992, 0.4801463226317354, -0.015586550875799812, 0.7280905872722169, 1.1833303954520962, 0.9369426857555371, 0.07543364349326494, 1.0
-0.23863324393028643, -0.08081360753651544, 0.22920190916201144, 0.002791918170126112, -1.5255941146542509, -2.9629481129216333, 1.9027273272175085, -0.09290658965219471, 1.0
-0.061877335673338536, -0.175382631652186, 0.3652780312462759, 0.14409078815416804, -1.1913504259256749, -0.596513209124622, -0.6579740041201158, -0.001269021304820022, 0.0
0.7070005615899215, -0.072404749180748, -2.27227270717312, 2.3521089951986554, -1.4417340552473161, 1.1354361361360998, 1.0644502303233985, -1.077242126719453, 1.0
0.17975778925706115, 0.06286292040529094, 0.47413844700668795, 0.012029284691633418, 0.7045760624136161, 1.145931469829294, 0.9474519508741036, 0.09462796329913109, 1.0
0.17975778925706115, 0.06286292040529094, 0.47413844700668795, 0.012029284691633418, 0.7045760624136161, 1.145931469829294, 0.9474519508741036, 0.09462796329913109, 1.0
0.029465531452596172, 2.2172848890021672, 0.5726514715268154, 0.38953753370702404, -1.004627474166972, 1.3368594172078538, -0.8278530938260505, -0.10575406739116838, 0.0
-2.296633338498502, -0.2124849824469175, -2.2137648555894045, 0.24006165403658597, -1.22924730667133, 1.1734486823687293, -1.2693012464808557, -0.7439230465583534, 0.0
0.06280539150465936, 0.06615653017009693, 0.4279208144074015, 0.27237382144075545, -1.381697045769033, 1.2739906082318142, 1.1176727285783998, -0.08602101937130882, 0.0
-2.801527417002902, 1.9204276058872007, -2.3387182775381468, -0.12661388283635477, -1.0521889642039548, -1.0529305351506622, -0.5724354891263388, 1.9410452455852871, 0.0
0.22462521707614846, -0.2520585961344429, 0.13585705060938502, -2.649931427523249, -1.2376486849661252, 0.9474601426695245, 1.1362994832428193, 0.38958311344700575, 0.0
-0.11848987499503094, -0.35691054507846187, 0.26500474285748365, 0.1616108688873952, -1.2536756620972331, -0.4581981589377019, -0.7476268139628527, -0.5094613316042945, 0.0
0.38310560119312154, 1.5611812822847932, -3.2218815398976184, -0.564919260027099, -0.9237506436311895, -0.9293620271174772, -0.5251338536489923, 1.4065892108377513, 1.0
-2.707772959850422, -0.38747418060426025, -2.2956070495720806, -0.22866700523881, -1.1539058241818472, -0.8042346833893154, -0.7980894142206725, 1.9887955546734812, 0.0
0.3294566277767379, -0.2403325655552766, 0.011801616192059883, -2.802923546658846, 0.8685592491851035, 0.9046622742591013, 0.9341541034923107, 0.49251169065076333, 1.0
-0.039269594422240116, -0.14871013493749818, 0.34486283497852455, 0.1888031729947334, -1.2258324429344791, -0.7051360100019812, -0.6296755097415047, 0.08915697791444105, 0.0
0.09265764705246403, -0.23049020896452954, 0.040360073598819074, 0.530497389102527, -1.3618680540384471, -0.44011367130875473, -0.7868053420903937, -3.4126441038031055, 0.0
-0.5676676881400537, -0.04670844230477406, 0.7857339849762031, 2.494791915597891, -1.2737351023292394, -2.410365396965477, -0.24380597905770246, 2.3737801946627477, 0.0
0.0717989585727512, 0.007191206503312283, 0.6042017570490608, 0.1374055682597962, -1.3781173468790122, 1.2261282638625188, 1.1390880655060458, -0.027494933710492636, 0.0
-0.03677974934529671, 2.4632253200461895, 0.8378159454692504, -0.361857890179173, 1.0643084029618164, 0.8621540745052186, 1.2466199656743144, 3.295005906621804, 0.0
0.1023968715881986, 2.1320817006319275, -0.06912779935563684, -2.430006601212967, -1.1285440317280508, 0.8178505105320296, 1.322748842149462, 0.21207503928460042, 0.0
2.9297146808097563, -0.358551464058823, -0.12140417421093042, -0.8838738835675206, -1.1188836578863062, -0.9622975054594021, 1.7107192154403263, 2.900205035097996, 0.0
0.5075271749379078, 1.6249901453014137, -3.0277174136929332, -0.4997637945056276, -0.848136293839304, 1.1692225505981346, -0.9402259882654955, 1.4828563700410275, 0.0
0.05852718669512885, -0.2737492703884696, 0.26955952189818955, 0.3660373066365535, -1.185392943003901, 1.6801559845001328, -1.1175892779854582, -0.5788429205266858, 0.0
0.4705420137226739, 1.6325608987041695, -3.424306270078672, -0.720505261765415, 1.2079632338800346, -0.9480111392171894, -0.7701704533443581, 1.4747294381710403, 1.0
0.0515446932642926, 0.018311822112107516, 0.2632348111214588, -0.05959564711739243, 0.6529926804994127, -0.9921638240498056, 1.2762951265383644, 0.0906538112404929, 1.0
0.5400470963848546, -0.17878441144788354, -2.139325738200503, 1.9849313114275315, -1.3117876517546394, 1.1334076261707904, 1.1272825460276257, 1.704029633144038, 1.0
-0.03589171926525912, -0.05306779430726828, 0.46565954130251225, 0.09599035462092367, -1.4787211970118117, -0.9735147119500934, 1.5213317262337298, 0.02251358390720414, 1.0
0.12419966361490298, 0.2669472287520171, 0.4406242655838335, -0.10267374282099828, 0.7370872239003499, -1.1414040613049437, 1.3764223631860562, 0.612086625405418, 0.0
0.0515446932642926, 0.018311822112107516, 0.2632348111214588, -0.05959564711739243, 0.6529926804994127, -0.9921638240498056, 1.2762951265383644, 0.0906538112404929, 1.0
0.1787156923696807, 0.06129763631456421, 0.38736970622530414, -0.0010838842053883524, 0.742629038482008, 1.1362552765082499, 0.9118406950707245, 0.11187697303619143, 0.0
0.17975778925706115, 0.06286292040529094, 0.47413844700668795, 0.012029284691633418, 0.7045760624136161, 1.145931469829294, 0.9474519508741036, 0.09462796329913109, 1.0
-2.865320742313189, -0.11808103552183924, 0.5543147677756115, -2.108370595523911, 0.9093308076288489, 1.1977225612407283, -1.359315610357973, 0.49481405838797243, 0.0
-0.05224462054891624, 0.008151075623667542, 0.4740589863201682, 0.10650964091522533, -1.4912682297202084, -0.9396897623183385, 1.5140517620922516, -0.02952377570032494, 1.0
0.2422577094538182, -0.05153010802201491, 0.5692037156857366, 0.0416425412258592, 0.9944672252475762, 1.4104210116228342, -1.2488297873094925, 0.15908855391039134, 0.0
0.03519179198063564, 0.0795306920430433, 0.2716342561391151, -0.049076360823090734, 0.6404456477910161, -0.9583388744180505, 1.269015162396886, 0.038616451632963934, 1.0
0.0923213767275094, -0.008516696014084864, 0.6765631771877414, 0.16761528642994944, -1.4271378150976077, 1.164580581929006, 1.1924885505694693, 0.026487735965842377, 1.0
-0.08974329921212926, 2.2398021085404447, 0.27970285329065164, 0.3665005704233987, -1.0892178976076674, -0.8461992050744074, -0.4273536847757929, -0.12638357724565302, 0.0
0.1992381105244388, 0.04558973379716699, 0.4597311263639845, 0.029125833964765202, 0.6936085702634128, 1.0747075945747366, 0.9652411801341482, 0.1658596427125264, 1.0
0.9033567746714851, -0.24841042992545848, -2.8550624992044353, -0.4123727948605045, -1.2789949387638853, 0.7959143508204535, 1.0095757418031825, -0.6905877649467705, 0.0
0.06700370833803936, -0.06313929257185019, 0.14118483188001468, -0.003142674530673302, 0.9480954549463018, -0.6289408664031393, -0.9299945193876585, 4.191100726767816E-6, 0.0
0.011960691504739534, 2.2075824557968, 0.16165529449837385, 0.18589261572036914, 1.0405045614021626, -0.851598147862028, -0.6400083296448683, -0.042649319847761054, 1.0
0.1697221253015888, 0.12026295998134877, 0.21108876358364476, 0.13388436897557074, 0.739049339591987, 1.1841176208775446, 0.8904253581430787, 0.053350887375374904, 0.0
0.18230882047351482, -0.10677309576197874, 0.580067194201569, 0.24564176365844034, -1.136745504922482, 1.3791416466681126, -1.0663535206760715, 0.04728413732683649, 0.0
3.2732023708977818, -0.3972784035502967, -0.8491623675285911, -0.4098488357778738, 1.080104734578655, -0.6236713525683582, -0.89000564533508, -0.4267768346904883, 0.0
0.06700370833803936, -0.06313929257185019, 0.14118483188001468, -0.003142674530673302, 0.9480954549463018, -0.6289408664031393, -0.9299945193876585, 4.191100726767816E-6, 0.0
0.9817996201329454, -0.11806548983929797, -3.233768172027147, -0.4329905434178613, 0.8491392398573188, 0.8251275830900363, 0.7431238051801707, -0.6809736232742978, 0.0
0.7333202697958376, 1.7125799443893, -3.103963556087031, -0.12163968907831002, -0.9958566373312214, 1.1333237590739291, -0.9871509995970433, -1.3304940548797364, 1.0
-0.13327325379029542, 2.156557986647399, 0.394147938882291, 0.3436453646995121, -1.111488352178211, -0.7853455409517557, -0.3752677785188033, -0.09595989186083703, 1.0
-0.023165895354158084, -0.21256266977499788, 0.42885972183070165, 0.2310729560027549, -1.2006581794477058, -0.5704746388221635, -0.5936417394716589, 0.0038277768348858737, 1.0
0.17957562931086912, -0.18481685654575075, 0.6653173539712025, 0.3242713924535524, -1.1537852618052662, 1.4189587621493762, -0.9750373404554373, 0.11924795039428443, 1.0
3.1648437450411624, -0.52522964514803, -0.55270774802365, -0.23240565492287882, -1.108361614511917, -0.6527913772233535, -0.5645846450041131, -0.3740673774197, 1.0
0.0481668181073117, -0.0773305185181225, 0.14243810479747138, 0.03321717125641725, 0.905881434576745, -0.7237851221016937, -0.8747121094368702, 0.15729720524772983, 0.0
0.8584893468523975, 0.06651108661427498, -2.5167811028071316, 2.2495879173543787, 0.6632298086158572, 0.9943856779802229, 0.8207282094344666, -0.9855429150946451, 1.0
0.22830060152124032, -0.07625720200356308, 0.3993109332057236, 0.08170322286664922, 0.9872363692279892, 1.3742710797472053, -1.2844062047992602, 0.18229137958786745, 0.0
-2.329863437524898, -2.5896562496868283, -2.4316214898491775, -0.276676049921587, 0.6880767897518584, -0.8500557808767519, -1.2855502388518971, -0.42671035274429187, 0.0
-2.8346539722645288, 0.10320585552973381, 0.9673262986902114, -2.334408451297948, 0.6911004603937426, 0.7195460842924041, 0.940252953078388, 1.0809503950746349, 1.0
0.10700644776017526, -0.09612038169737147, 0.19913893137599148, 0.04416359291261229, 0.8881074945775034, -0.761712423591209, -0.8588048050641898, 0.1252185401904568, 1.0
0.08919395674378855, -0.052462379336896785, 0.6825710528127886, 0.13999945086251636, -1.4036232902390071, 1.2019795075518083, 1.1819792854509026, 0.007293416159976217, 1.0
-2.3282289944399674, 0.38337701098459837, -1.54084122404123, 2.6733906278747117, 0.5202530368333002, 0.9178922888908847, 0.7985285646419324, -0.48753020989003515, 1.0
0.010100061782466502, -0.022551900548852633, 0.2849032803066666, -0.06794818617086723, 0.6452606771386596, -0.9783852788710006, 1.3032790421105414, 0.15752082616823496, 1.0
